{
  "timestamp": "2026-04-27T23:49:49.111659",
  "sleeve_totals_usd": {
    "global_triads": 386563.8378,
    "four_horsemen": 172423.193,
    "cash_cow": 68880.0,
    "alpha": 46130.058,
    "omega": 12423.880000000001,
    "vault": 117818.07311999999,
    "war_chest": 212706.460072713
  },
  "grand_total_usd": 1016945.5019927128
}