{
  "timestamp": "2026-04-02T23:46:18.269823",
  "sleeve_totals_usd": {
    "global_triads": 366380.442,
    "four_horsemen": 155126.74349999998,
    "cash_cow": 29739.0,
    "alpha": 25457.809999999998,
    "omega": 18088.2,
    "vault": 77781.26999999999,
    "war_chest": 296696.869772822
  },
  "grand_total_usd": 969270.335272822
}