{
  "timestamp": "2026-07-01T23:55:39.210588",
  "sleeve_totals_usd": {
    "china": 24751.044,
    "gold": 95569.85257999999,
    "crypto": 3990.0,
    "us": 50039.0,
    "dividend": 202876.67220000003,
    "developed_ex_us": 67298.985,
    "theme": 84169.62999999999,
    "global": 329431.666,
    "emerging_markets": 56919.31800000001,
    "cash": 106078.751818254
  },
  "grand_total_usd": 1021124.919598254
}