{
  "timestamp": "2026-04-28T23:50:11.755399",
  "sleeve_totals_usd": {
    "global_triads": 386652.71473999997,
    "four_horsemen": 172678.27525000004,
    "cash_cow": 70068.0,
    "alpha": 46361.121999999996,
    "omega": 12191.84,
    "vault": 117680.10144,
    "war_chest": 212434.892620351
  },
  "grand_total_usd": 1018066.946050351
}