{
  "timestamp": "2026-06-05T23:53:14.878918",
  "sleeve_totals_usd": {
    "global_triads": 516952.98674,
    "four_horsemen": 170811.3915,
    "cash_cow": 0.0,
    "alpha": 59233.395000000004,
    "omega": 0.0,
    "vault": 114568.7961565,
    "war_chest": 269273.471200994
  },
  "grand_total_usd": 1130840.040597494
}