{
  "timestamp": "2026-06-12T00:03:18.788016",
  "sleeve_totals_usd": {
    "global_triads": 495770.2424,
    "four_horsemen": 132855.79499999998,
    "cash_cow": 0.0,
    "alpha": 37646.64,
    "omega": -4029.68,
    "vault": 105957.14816,
    "war_chest": 239225.99460297
  },
  "grand_total_usd": 1007426.1401629699
}