{
  "timestamp": "2026-06-13T00:01:58.269176",
  "sleeve_totals_usd": {
    "global_triads": 498101.3418,
    "four_horsemen": 133406.502,
    "cash_cow": 0.0,
    "alpha": 42456.399999999994,
    "omega": -2967.16,
    "vault": 104828.91376,
    "war_chest": 239956.128399914
  },
  "grand_total_usd": 1015782.1259599141
}