{
  "timestamp": "2026-06-23T23:50:02.490371",
  "sleeve_totals_usd": {
    "global_triads": 521108.69869999995,
    "four_horsemen": 122770.29065000001,
    "cash_cow": 0.0,
    "alpha": 51666.6,
    "omega": -1313.12,
    "vault": 107727.68057,
    "war_chest": 246423.029693732
  },
  "grand_total_usd": 1048383.1796137319
}