{
  "timestamp": "2026-06-19T23:53:25.873857",
  "sleeve_totals_usd": {
    "global_triads": 522106.80799999996,
    "four_horsemen": 122211.79765,
    "cash_cow": 0.0,
    "alpha": 49383.439999999995,
    "omega": -1765.3600000000001,
    "vault": 109212.2515,
    "war_chest": 246938.161765306
  },
  "grand_total_usd": 1048087.0989153059
}