{
  "timestamp": "2026-04-10T23:47:31.256401",
  "sleeve_totals_usd": {
    "global_triads": 377560.19116000005,
    "four_horsemen": 160388.16285,
    "cash_cow": 63698.0,
    "alpha": 28517.862,
    "omega": 12896.760000000002,
    "vault": 99934.68044,
    "war_chest": 249315.768429884
  },
  "grand_total_usd": 992311.424879884
}