{
  "timestamp": "2026-06-04T00:08:23.773574",
  "sleeve_totals_usd": {
    "global_triads": 522645.60632,
    "four_horsemen": 173109.3229,
    "cash_cow": 0.0,
    "alpha": 62027.805,
    "omega": 0.0,
    "vault": 115947.44946,
    "war_chest": 293399.022832177
  },
  "grand_total_usd": 1167129.2065121771
}