{
  "timestamp": "2026-04-01T23:46:45.828961",
  "sleeve_totals_usd": {
    "global_triads": 322911.0894,
    "four_horsemen": 140375.221,
    "cash_cow": 28756.0,
    "alpha": 24911.269999999997,
    "omega": 19333.879999999997,
    "vault": 75386.01599999999,
    "war_chest": 339202.585808011
  },
  "grand_total_usd": 950876.0622080109
}