{
  "timestamp": "2026-04-30T23:49:46.121311",
  "sleeve_totals_usd": {
    "global_triads": 383048.3374,
    "four_horsemen": 171142.4396,
    "cash_cow": 69988.0,
    "alpha": 44614.939999999995,
    "omega": 12437.720000000001,
    "vault": 113740.336245,
    "war_chest": 211712.704072051
  },
  "grand_total_usd": 1006684.4773170509
}