{
  "timestamp": "2026-05-22T23:52:57.574207",
  "sleeve_totals_usd": {
    "global_triads": 505423.0413,
    "four_horsemen": 164766.69585000002,
    "cash_cow": 0.0,
    "alpha": 57845.71,
    "omega": 9103.02,
    "vault": 116212.967125,
    "war_chest": 276617.848871159
  },
  "grand_total_usd": 1129969.2831461588
}