{
  "timestamp": "2026-05-15T23:50:04.395265",
  "sleeve_totals_usd": {
    "global_triads": 510593.7425,
    "four_horsemen": 167913.7031,
    "cash_cow": 0.0,
    "alpha": 59900.240000000005,
    "omega": 9426.54,
    "vault": 120910.77142499998,
    "war_chest": 259510.97719833298
  },
  "grand_total_usd": 1128255.974223333
}