{
  "timestamp": "2026-05-16T23:49:26.636765",
  "sleeve_totals_usd": {
    "global_triads": 501600.52520000003,
    "four_horsemen": 166345.1253,
    "cash_cow": 0.0,
    "alpha": 56808.7,
    "omega": 10059.62,
    "vault": 116868.03194999999,
    "war_chest": 259005.03770905198
  },
  "grand_total_usd": 1110687.0401590518
}