{
  "timestamp": "2026-05-27T23:51:59.059734",
  "sleeve_totals_usd": {
    "global_triads": 517856.9308,
    "four_horsemen": 170536.62639999998,
    "cash_cow": 0.0,
    "alpha": 63546.99,
    "omega": 0.0,
    "vault": 116219.5996,
    "war_chest": 284009.568274093
  },
  "grand_total_usd": 1152169.7150740928
}