{
  "timestamp": "2026-04-17T23:47:56.949652",
  "sleeve_totals_usd": {
    "global_triads": 386947.40630000003,
    "four_horsemen": 168743.28259999998,
    "cash_cow": 67204.0,
    "alpha": 43010.187999999995,
    "omega": 14068.0,
    "vault": 121099.991396,
    "war_chest": 212819.821172575
  },
  "grand_total_usd": 1013892.689468575
}