{
  "timestamp": "2026-04-29T23:50:21.597197",
  "sleeve_totals_usd": {
    "global_triads": 384661.13759999996,
    "four_horsemen": 169929.26535,
    "cash_cow": 69956.0,
    "alpha": 45010.316,
    "omega": 12581.0,
    "vault": 115452.18741399999,
    "war_chest": 212040.887136692
  },
  "grand_total_usd": 1009630.7935006919
}