{
  "timestamp": "2026-03-31T23:46:24.023661",
  "sleeve_totals_usd": {
    "global_triads": 321318.872,
    "four_horsemen": 130922.91270000002,
    "cash_cow": 27350.0,
    "alpha": 21614.242000000002,
    "omega": 23559.64,
    "vault": 73960.0224,
    "war_chest": 346419.93093640404
  },
  "grand_total_usd": 945145.620036404
}