{
  "timestamp": "2026-03-28T15:13:48.366585",
  "sleeve_totals_usd": {
    "global_triads": 324672.6354,
    "four_horsemen": 134171.442,
    "cash_cow": 28092.0,
    "alpha": 23798.682,
    "omega": 20181.239999999998,
    "vault": 72198.95895,
    "war_chest": 347229.85
  },
  "grand_total_usd": 950344.8083500001
}