{
  "timestamp": "2026-06-06T23:51:47.054862",
  "sleeve_totals_usd": {
    "global_triads": 508517.4973,
    "four_horsemen": 165402.73605,
    "cash_cow": 0.0,
    "alpha": 48558.469999999994,
    "omega": -3250.5,
    "vault": 113030.955702,
    "war_chest": 248742.057488526
  },
  "grand_total_usd": 1081001.216540526
}