{
  "timestamp": "2026-05-19T23:51:15.038707",
  "sleeve_totals_usd": {
    "global_triads": 502309.80926,
    "four_horsemen": 164615.6628,
    "cash_cow": 0.0,
    "alpha": 54956.469999999994,
    "omega": 9767.98,
    "vault": 116714.28017,
    "war_chest": 267451.946457867
  },
  "grand_total_usd": 1115816.148687867
}