{
  "timestamp": "2026-06-25T23:57:22.027584",
  "sleeve_totals_usd": {
    "global_triads": 531377.017,
    "four_horsemen": 44808.33,
    "cash_cow": 0.0,
    "alpha": 46644.36,
    "omega": -1094.72,
    "vault": 103967.48037500001,
    "war_chest": 137218.752611115
  },
  "grand_total_usd": 862921.219986115
}