{
  "timestamp": "2026-06-22T23:56:59.700059",
  "sleeve_totals_usd": {
    "global_triads": 519283.4715,
    "four_horsemen": 122495.89725000001,
    "cash_cow": 0.0,
    "alpha": 49185.880000000005,
    "omega": -1765.3600000000001,
    "vault": 107124.63296,
    "war_chest": 246672.24106426
  },
  "grand_total_usd": 1042996.76277426
}