{
  "timestamp": "2026-05-14T23:50:35.660237",
  "sleeve_totals_usd": {
    "global_triads": 508659.72204,
    "four_horsemen": 169200.15114999996,
    "cash_cow": 0.0,
    "alpha": 60747.93000000001,
    "omega": 9842.26,
    "vault": 121355.48840000002,
    "war_chest": 259829.24460347998
  },
  "grand_total_usd": 1129634.79619348
}