{
  "timestamp": "2026-04-19T23:47:19.106957",
  "sleeve_totals_usd": {
    "global_triads": 392483.67235999997,
    "four_horsemen": 170890.0465,
    "cash_cow": 68336.0,
    "alpha": 44222.14,
    "omega": 13002.96,
    "vault": 121469.668527,
    "war_chest": 213057.081899819
  },
  "grand_total_usd": 1023461.5692868188
}