{
  "timestamp": "2026-04-16T23:48:17.920655",
  "sleeve_totals_usd": {
    "global_triads": 385388.07800000004,
    "four_horsemen": 167256.17735,
    "cash_cow": 67424.0,
    "alpha": 31195.198,
    "omega": 14408.2,
    "vault": 101328.4188,
    "war_chest": 232960.47002260401
  },
  "grand_total_usd": 999960.5421726039
}