{
  "timestamp": "2026-05-12T23:50:43.687163",
  "sleeve_totals_usd": {
    "global_triads": 399269.49516,
    "four_horsemen": 168941.02985,
    "cash_cow": 0.0,
    "alpha": 60549.94999999999,
    "omega": 9965.42,
    "vault": 120879.14353200002,
    "war_chest": 297341.051287824
  },
  "grand_total_usd": 1056946.089829824
}