{
  "timestamp": "2026-06-17T00:00:40.282683",
  "sleeve_totals_usd": {
    "global_triads": 514360.038,
    "four_horsemen": 140448.0752,
    "cash_cow": 0.0,
    "alpha": 44932.97,
    "omega": -2506.12,
    "vault": 111311.90134,
    "war_chest": 240034.310008769
  },
  "grand_total_usd": 1048581.174548769
}