{
  "timestamp": "2026-04-12T23:47:07.224702",
  "sleeve_totals_usd": {
    "global_triads": 380585.2502,
    "four_horsemen": 162280.80909999998,
    "cash_cow": 63448.0,
    "alpha": 28407.57,
    "omega": 12933.0,
    "vault": 100263.33,
    "war_chest": 249382.131362836
  },
  "grand_total_usd": 997300.0906628359
}