{
  "timestamp": "2026-06-24T23:52:57.881578",
  "sleeve_totals_usd": {
    "global_triads": 521176.2755,
    "four_horsemen": 124638.985,
    "cash_cow": 0.0,
    "alpha": 47709.72,
    "omega": -1279.5800000000002,
    "vault": 105194.70843,
    "war_chest": 219534.829145983
  },
  "grand_total_usd": 1016974.938075983
}