{
  "timestamp": "2026-06-26T23:51:12.132880",
  "sleeve_totals_usd": {
    "global_triads": 545763.2042,
    "four_horsemen": 44116.59,
    "cash_cow": 0.0,
    "alpha": 51199.7,
    "omega": -577.34,
    "vault": 85872.8216,
    "war_chest": 138002.905432709
  },
  "grand_total_usd": 864377.881232709
}