{
  "timestamp": "2026-04-05T23:46:21.837147",
  "sleeve_totals_usd": {
    "global_triads": 362502.5212,
    "four_horsemen": 152823.98140000002,
    "cash_cow": 29577.0,
    "alpha": 24470.77,
    "omega": 17739.88,
    "vault": 76032.15,
    "war_chest": 295942.808885523
  },
  "grand_total_usd": 959089.111485523
}