{
  "timestamp": "2026-04-03T23:45:48.057609",
  "sleeve_totals_usd": {
    "global_triads": 362758.1409,
    "four_horsemen": 153045.0818,
    "cash_cow": 29577.0,
    "alpha": 24503.77,
    "omega": 17739.88,
    "vault": 76098.3675,
    "war_chest": 296173.020918185
  },
  "grand_total_usd": 959895.2611181851
}