{
  "timestamp": "2026-04-15T23:48:25.285795",
  "sleeve_totals_usd": {
    "global_triads": 385393.3294,
    "four_horsemen": 166636.14260000002,
    "cash_cow": 66582.0,
    "alpha": 30994.257999999998,
    "omega": 15152.64,
    "vault": 101150.7312,
    "war_chest": 244441.713605193
  },
  "grand_total_usd": 1010350.8148051931
}