{
  "timestamp": "2026-04-21T23:47:10.847623",
  "sleeve_totals_usd": {
    "global_triads": 390437.4987,
    "four_horsemen": 170817.59300000002,
    "cash_cow": 67484.0,
    "alpha": 44036.128000000004,
    "omega": 13350.64,
    "vault": 120932.48982549999,
    "war_chest": 213352.248395655
  },
  "grand_total_usd": 1020410.5979211549
}