{
  "timestamp": "2026-04-08T23:47:54.837840",
  "sleeve_totals_usd": {
    "global_triads": 362533.48524,
    "four_horsemen": 151953.62875,
    "cash_cow": 61092.0,
    "alpha": 25612.348,
    "omega": 17124.96,
    "vault": 98710.3914,
    "war_chest": 246465.236355322
  },
  "grand_total_usd": 963492.049745322
}