{
  "timestamp": "2026-03-29T23:45:48.237818",
  "sleeve_totals_usd": {
    "global_triads": 320908.1667,
    "four_horsemen": 131927.72499999998,
    "cash_cow": 27434.0,
    "alpha": 23114.06,
    "omega": 23065.039999999997,
    "vault": 72594.6807,
    "war_chest": 346612.642706752
  },
  "grand_total_usd": 945656.3151067521
}