{
  "timestamp": "2026-05-25T23:52:19.029725",
  "sleeve_totals_usd": {
    "global_triads": 514291.5078,
    "four_horsemen": 167874.152,
    "cash_cow": 0.0,
    "alpha": 56668.659999999996,
    "omega": 8969.66,
    "vault": 115909.43794149999,
    "war_chest": 276697.793682557
  },
  "grand_total_usd": 1140411.2114240571
}