{
  "timestamp": "2026-06-27T23:50:39.385526",
  "sleeve_totals_usd": {
    "china": 24202.665,
    "gold": 96218.934,
    "crypto": 4060.0,
    "us": 49866.0,
    "dividend": 200530.37060000002,
    "developed_ex_us": 67040.379,
    "theme": 81716.31999999999,
    "global": 325609.865,
    "emerging_markets": 56180.9304,
    "cash": 139666.207431862
  },
  "grand_total_usd": 1045091.6714318619
}