{
  "timestamp": "2026-05-02T23:48:37.317030",
  "sleeve_totals_usd": {
    "global_triads": 392837.47406,
    "four_horsemen": 174206.96634999997,
    "cash_cow": 0.0,
    "alpha": 45611.21,
    "omega": 11090.8,
    "vault": 115393.07366000001,
    "war_chest": 281996.238839503
  },
  "grand_total_usd": 1021135.762909503
}