{
  "timestamp": "2026-04-09T23:47:28.795058",
  "sleeve_totals_usd": {
    "global_triads": 377657.9165,
    "four_horsemen": 159875.0631,
    "cash_cow": 63464.0,
    "alpha": 28422.105999999996,
    "omega": 13865.599999999999,
    "vault": 101176.9976,
    "war_chest": 249191.36250741303
  },
  "grand_total_usd": 993653.045707413
}