{
  "timestamp": "2026-05-06T23:49:47.536288",
  "sleeve_totals_usd": {
    "global_triads": 389404.74022,
    "four_horsemen": 178143.18600000002,
    "cash_cow": 0.0,
    "alpha": 51109.856,
    "omega": 10826.64,
    "vault": 116824.453251,
    "war_chest": 278432.597569561
  },
  "grand_total_usd": 1024741.4730405611
}