{
  "timestamp": "2026-06-09T23:57:32.820646",
  "sleeve_totals_usd": {
    "global_triads": 487483.7288,
    "four_horsemen": 137723.61625000002,
    "cash_cow": 0.0,
    "alpha": 39354.56,
    "omega": -2419.2799999999997,
    "vault": 109668.49067500001,
    "war_chest": 253697.444430284
  },
  "grand_total_usd": 1025508.5601552839
}