{
  "timestamp": "2026-05-13T23:50:32.747567",
  "sleeve_totals_usd": {
    "global_triads": 430755.13,
    "four_horsemen": 164532.41079999998,
    "cash_cow": 0.0,
    "alpha": 57527.700000000004,
    "omega": 10084.94,
    "vault": 121577.5303715,
    "war_chest": 259982.393917918
  },
  "grand_total_usd": 1044460.1050894179
}