{
  "timestamp": "2026-04-22T23:48:37.536268",
  "sleeve_totals_usd": {
    "global_triads": 388399.71180000005,
    "four_horsemen": 170369.96,
    "cash_cow": 66458.0,
    "alpha": 43352.852000000006,
    "omega": 14133.92,
    "vault": 119868.98771100001,
    "war_chest": 213008.921714801
  },
  "grand_total_usd": 1015592.353225801
}