{
  "timestamp": "2026-05-01T23:49:30.395835",
  "sleeve_totals_usd": {
    "global_triads": 390931.6003,
    "four_horsemen": 174071.7782,
    "cash_cow": 0.0,
    "alpha": 45733.32000000001,
    "omega": 11255.439999999999,
    "vault": 115721.26035000001,
    "war_chest": 282061.19880552904
  },
  "grand_total_usd": 1019774.5976555289
}