{
  "timestamp": "2026-06-30T23:53:29.611073",
  "sleeve_totals_usd": {
    "china": 24438.048,
    "gold": 96156.728,
    "crypto": 4095.0,
    "us": 49600.0,
    "dividend": 200959.424,
    "developed_ex_us": 67128.243,
    "theme": 81140.70999999999,
    "global": 325789.632,
    "emerging_markets": 55723.5,
    "cash": 143082.238459761
  },
  "grand_total_usd": 1048113.523459761
}