{
  "timestamp": "2026-06-04T23:54:32.801396",
  "sleeve_totals_usd": {
    "global_triads": 519318.01968,
    "four_horsemen": 172042.6777,
    "cash_cow": 0.0,
    "alpha": 61432.72,
    "omega": 0.0,
    "vault": 113838.01755,
    "war_chest": 269049.549405784
  },
  "grand_total_usd": 1135680.9843357839
}