{
  "timestamp": "2026-04-24T23:47:51.170104",
  "sleeve_totals_usd": {
    "global_triads": 386734.80234,
    "four_horsemen": 171963.0405,
    "cash_cow": 67778.0,
    "alpha": 43667.113999999994,
    "omega": 13250.36,
    "vault": 117563.61504,
    "war_chest": 212176.699422376
  },
  "grand_total_usd": 1013133.631302376
}