{
  "timestamp": "2026-06-11T00:00:49.934963",
  "sleeve_totals_usd": {
    "global_triads": 499259.3052,
    "four_horsemen": 134598.62,
    "cash_cow": 0.0,
    "alpha": 39168.08,
    "omega": -2994.44,
    "vault": 110090.94619999999,
    "war_chest": 239456.188074026
  },
  "grand_total_usd": 1019578.699474026
}