{
  "timestamp": "2026-05-26T23:53:13.788786",
  "sleeve_totals_usd": {
    "global_triads": 516471.18404,
    "four_horsemen": 169171.7515,
    "cash_cow": 0.0,
    "alpha": 58898.469999999994,
    "omega": 8969.66,
    "vault": 116691.93996250001,
    "war_chest": 277106.56675754196
  },
  "grand_total_usd": 1147309.572260042
}