{
  "timestamp": "2026-06-16T00:06:21.927708",
  "sleeve_totals_usd": {
    "global_triads": 506679.05520000006,
    "four_horsemen": 137320.95775,
    "cash_cow": 0.0,
    "alpha": 42116.4,
    "omega": -2156.0,
    "vault": 107961.053635,
    "war_chest": 239673.094917017
  },
  "grand_total_usd": 1031594.5615020172
}