{
  "timestamp": "2026-05-28T23:55:31.766601",
  "sleeve_totals_usd": {
    "global_triads": 519554.31680000003,
    "four_horsemen": 170196.52274999997,
    "cash_cow": 0.0,
    "alpha": 63531.83,
    "omega": 0.0,
    "vault": 115816.21708,
    "war_chest": 283896.074711888
  },
  "grand_total_usd": 1152994.961341888
}