{
  "timestamp": "2026-05-07T23:49:43.193933",
  "sleeve_totals_usd": {
    "global_triads": 395999.8816,
    "four_horsemen": 181364.432,
    "cash_cow": 0.0,
    "alpha": 55165.97,
    "omega": 10566.060000000001,
    "vault": 120731.68592,
    "war_chest": 278308.309065033
  },
  "grand_total_usd": 1042136.338585033
}