{
  "timestamp": "2026-05-31T23:52:05.942984",
  "sleeve_totals_usd": {
    "global_triads": 339420.67299999995,
    "four_horsemen": 91800.20455,
    "cash_cow": 0.0,
    "alpha": 32135.7275,
    "omega": 0.0,
    "vault": 59223.6,
    "war_chest": 171879.8407451
  },
  "grand_total_usd": 694460.0457950999
}