{
  "timestamp": "2026-04-23T23:48:42.408219",
  "sleeve_totals_usd": {
    "global_triads": 388202.04004,
    "four_horsemen": 171675.7259,
    "cash_cow": 67864.0,
    "alpha": 45255.905999999995,
    "omega": 12905.720000000001,
    "vault": 119165.58859500001,
    "war_chest": 212410.860798783
  },
  "grand_total_usd": 1017479.8413337829
}